{
    "boosting_type": "gbdt",
    "class_weight": null,
    "colsample_bytree": 0.6281804943827396,
    "importance_type": "split",
    "learning_rate": 0.06883376056802966,
    "max_depth": 6,
    "min_child_samples": 14,
    "min_child_weight": 0.001,
    "min_split_gain": 0.0,
    "n_estimators": 100,
    "n_jobs": -1,
    "num_leaves": 46,
    "objective": null,
    "random_state": 42,
    "reg_alpha": 0.0,
    "reg_lambda": 0.0,
    "subsample": 0.9091917489759059,
    "subsample_for_bin": 200000,
    "subsample_freq": 0
}