{
"meta":{"test_sets":[],"test_metrics":[],"learn_metrics":[{"best_value":"Min","name":"Logloss"}],"launch_mode":"Train","parameters":"","iteration_count":659,"learn_sets":["learn"],"name":"experiment"},
"iterations":[
{"learn":[0.6425917186],"iteration":0,"passed_time":0.009761799372,"remaining_time":6.423263987},
{"learn":[0.6040624392],"iteration":1,"passed_time":0.01952346963,"remaining_time":6.413459773},
{"learn":[0.5652418723],"iteration":2,"passed_time":0.02868170047,"remaining_time":6.271731837},
{"learn":[0.5363579114],"iteration":3,"passed_time":0.03767639022,"remaining_time":6.169508899},
{"learn":[0.513997123],"iteration":4,"passed_time":0.04622509974,"remaining_time":6.046243046},
{"learn":[0.4943260854],"iteration":5,"passed_time":0.05576862797,"remaining_time":6.069485678},
{"learn":[0.4779159575],"iteration":6,"passed_time":0.06707936225,"remaining_time":6.247963456},
{"learn":[0.4621974181],"iteration":7,"passed_time":0.07612967046,"remaining_time":6.195051934},
{"learn":[0.4501871286],"iteration":8,"passed_time":0.0855332175,"remaining_time":6.177399042},
{"learn":[0.4401457129],"iteration":9,"passed_time":0.09469653378,"remaining_time":6.145805042},
{"learn":[0.4305533698],"iteration":10,"passed_time":0.1031251147,"remaining_time":6.075006758},
{"learn":[0.4230417969],"iteration":11,"passed_time":0.1117289174,"remaining_time":6.024050798},
{"learn":[0.4157783199],"iteration":12,"passed_time":0.1204545018,"remaining_time":5.985662165},
{"learn":[0.4095827057],"iteration":13,"passed_time":0.1289382962,"remaining_time":5.940371505},
{"learn":[0.4024648094],"iteration":14,"passed_time":0.1379524494,"remaining_time":5.922758493},
{"learn":[0.3975363862],"iteration":15,"passed_time":0.1468032606,"remaining_time":5.899656035},
{"learn":[0.3932297506],"iteration":16,"passed_time":0.1566016919,"remaining_time":5.914016835},
{"learn":[0.3884830921],"iteration":17,"passed_time":0.1655931092,"remaining_time":5.89695461},
{"learn":[0.3852283747],"iteration":18,"passed_time":0.1747461751,"remaining_time":5.88618695},
{"learn":[0.3808016853],"iteration":19,"passed_time":0.1871272168,"remaining_time":5.978714576},
{"learn":[0.3773262637],"iteration":20,"passed_time":0.2022756171,"remaining_time":6.145325892},
{"learn":[0.3745395061],"iteration":21,"passed_time":0.2120128184,"remaining_time":6.138734786},
{"learn":[0.3721297109],"iteration":22,"passed_time":0.2207234932,"remaining_time":6.103484421},
{"learn":[0.369306748],"iteration":23,"passed_time":0.2284737162,"remaining_time":6.045033742},
{"learn":[0.3671014963],"iteration":24,"passed_time":0.2373144175,"remaining_time":6.018293628},
{"learn":[0.3631417332],"iteration":25,"passed_time":0.2448242207,"remaining_time":5.960528142},
{"learn":[0.3614472425],"iteration":26,"passed_time":0.2523215355,"remaining_time":5.906192979},
{"learn":[0.3596021996],"iteration":27,"passed_time":0.2614424109,"remaining_time":5.891791475},
{"learn":[0.3577576326],"iteration":28,"passed_time":0.2722409638,"remaining_time":5.914200248},
{"learn":[0.3555176455],"iteration":29,"passed_time":0.2822029214,"remaining_time":5.916854586},
{"learn":[0.3534213467],"iteration":30,"passed_time":0.291542831,"remaining_time":5.90609348},
{"learn":[0.3504319812],"iteration":31,"passed_time":0.3008141318,"remaining_time":5.894076896},
{"learn":[0.3488491695],"iteration":32,"passed_time":0.3103510991,"remaining_time":5.887266304},
{"learn":[0.347530229],"iteration":33,"passed_time":0.3188403692,"remaining_time":5.861036198},
{"learn":[0.3460940909],"iteration":34,"passed_time":0.3262542822,"remaining_time":5.816647774},
{"learn":[0.3450080222],"iteration":35,"passed_time":0.3341651232,"remaining_time":5.782913104},
{"learn":[0.3440047112],"iteration":36,"passed_time":0.3425404107,"remaining_time":5.758382039},
{"learn":[0.342992867],"iteration":37,"passed_time":0.3505870085,"remaining_time":5.729329797},
{"learn":[0.3418705603],"iteration":38,"passed_time":0.3592933672,"remaining_time":5.711843274},
{"learn":[0.3407438191],"iteration":39,"passed_time":0.3670689437,"remaining_time":5.680391903},
{"learn":[0.3394907998],"iteration":40,"passed_time":0.3755040278,"remaining_time":5.660036321},
{"learn":[0.3385651892],"iteration":41,"passed_time":0.3842630708,"remaining_time":5.645007493},
{"learn":[0.3375665339],"iteration":42,"passed_time":0.3927841375,"remaining_time":5.626861132},
{"learn":[0.3368704973],"iteration":43,"passed_time":0.401790042,"remaining_time":5.615928996},
{"learn":[0.3360689094],"iteration":44,"passed_time":0.4107308405,"remaining_time":5.604194135},
{"learn":[0.3349982617],"iteration":45,"passed_time":0.4198205681,"remaining_time":5.594565396},
{"learn":[0.3342086209],"iteration":46,"passed_time":0.4272502237,"remaining_time":5.563343339},
{"learn":[0.3334504571],"iteration":47,"passed_time":0.4365773865,"remaining_time":5.557266315},
{"learn":[0.332210627],"iteration":48,"passed_time":0.4447265143,"remaining_time":5.5363913},
{"learn":[0.3316480646],"iteration":49,"passed_time":0.4521237526,"remaining_time":5.506867307},
{"learn":[0.3308804363],"iteration":50,"passed_time":0.4596754437,"remaining_time":5.480052349},
{"learn":[0.3301443694],"iteration":51,"passed_time":0.4666207883,"remaining_time":5.446900356},
{"learn":[0.3291043801],"iteration":52,"passed_time":0.4758317518,"remaining_time":5.440642294},
{"learn":[0.3285988327],"iteration":53,"passed_time":0.4838142404,"remaining_time":5.420511397},
{"learn":[0.3274605239],"iteration":54,"passed_time":0.4904857001,"remaining_time":5.386424779},
{"learn":[0.3264842543],"iteration":55,"passed_time":0.4985795732,"remaining_time":5.368633618},
{"learn":[0.3259062497],"iteration":56,"passed_time":0.50849172,"remaining_time":5.370386236},
{"learn":[0.3252356896],"iteration":57,"passed_time":0.5171050716,"remaining_time":5.358278414},
{"learn":[0.324678724],"iteration":58,"passed_time":0.5253260728,"remaining_time":5.342299046},
{"learn":[0.3240812751],"iteration":59,"passed_time":0.5333692791,"remaining_time":5.324803303},
{"learn":[0.3226751686],"iteration":60,"passed_time":0.5418590575,"remaining_time":5.31199535},
{"learn":[0.3218761832],"iteration":61,"passed_time":0.54884892,"remaining_time":5.284883956},
{"learn":[0.3206127523],"iteration":62,"passed_time":0.5563649792,"remaining_time":5.263389327},
{"learn":[0.3201551028],"iteration":63,"passed_time":0.5635608721,"remaining_time":5.239354983},
{"learn":[0.3197895586],"iteration":64,"passed_time":0.5733420114,"remaining_time":5.239463919},
{"learn":[0.3192881405],"iteration":65,"passed_time":0.5802675087,"remaining_time":5.213615646},
{"learn":[0.3188586398],"iteration":66,"passed_time":0.588261501,"remaining_time":5.197773263},
{"learn":[0.3183764311],"iteration":67,"passed_time":0.5971017399,"remaining_time":5.189516592},
{"learn":[0.317998795],"iteration":68,"passed_time":0.6046852254,"remaining_time":5.170496855},
{"learn":[0.3174238534],"iteration":69,"passed_time":0.6141998303,"remaining_time":5.168052858},
{"learn":[0.3168396595],"iteration":70,"passed_time":0.6212945827,"remaining_time":5.14536922},
{"learn":[0.3163761387],"iteration":71,"passed_time":0.6286035701,"remaining_time":5.124865217},
{"learn":[0.3158812374],"iteration":72,"passed_time":0.6368029444,"remaining_time":5.111870211},
{"learn":[0.3154798251],"iteration":73,"passed_time":0.6446356362,"remaining_time":5.096106043},
{"learn":[0.3149788662],"iteration":74,"passed_time":0.6529520808,"remaining_time":5.084320202},
{"learn":[0.3145147349],"iteration":75,"passed_time":0.6609745369,"remaining_time":5.070370461},
{"learn":[0.3138366678],"iteration":76,"passed_time":0.6694685886,"remaining_time":5.060139202},
{"learn":[0.3134533128],"iteration":77,"passed_time":0.6779369138,"remaining_time":5.049760858},
{"learn":[0.3130042907],"iteration":78,"passed_time":0.6852679161,"remaining_time":5.031080903},
{"learn":[0.3125915076],"iteration":79,"passed_time":0.6931278134,"remaining_time":5.01651255},
{"learn":[0.3121095432],"iteration":80,"passed_time":0.700920499,"remaining_time":5.001630228},
{"learn":[0.3117260263],"iteration":81,"passed_time":0.7089043136,"remaining_time":4.988265719},
{"learn":[0.3113283331],"iteration":82,"passed_time":0.7175664622,"remaining_time":4.97973834},
{"learn":[0.3110001547],"iteration":83,"passed_time":0.7252250499,"remaining_time":4.964338139},
{"learn":[0.3103220258],"iteration":84,"passed_time":0.7332505988,"remaining_time":4.951598162},
{"learn":[0.3093767377],"iteration":85,"passed_time":0.7422958326,"remaining_time":4.945761768},
{"learn":[0.3089676591],"iteration":86,"passed_time":0.7502381767,"remaining_time":4.932600426},
{"learn":[0.3085631881],"iteration":87,"passed_time":0.7592905671,"remaining_time":4.926760384},
{"learn":[0.308209183],"iteration":88,"passed_time":0.767907369,"remaining_time":4.918058431},
{"learn":[0.3078484306],"iteration":89,"passed_time":0.7763366945,"remaining_time":4.908173102},
{"learn":[0.3075451571],"iteration":90,"passed_time":0.7839206703,"remaining_time":4.893043305},
{"learn":[0.3070028284],"iteration":91,"passed_time":0.7916689767,"remaining_time":4.879090324},
{"learn":[0.3066711228],"iteration":92,"passed_time":0.7995169126,"remaining_time":4.865877124},
{"learn":[0.3063538779],"iteration":93,"passed_time":0.8075091445,"remaining_time":4.85364539},
{"learn":[0.3060812299],"iteration":94,"passed_time":0.8165728495,"remaining_time":4.847864075},
{"learn":[0.3057390319],"iteration":95,"passed_time":0.8244238983,"remaining_time":4.834902653},
{"learn":[0.3054992158],"iteration":96,"passed_time":0.8323110383,"remaining_time":4.822255706},
{"learn":[0.3051817681],"iteration":97,"passed_time":0.8399050267,"remaining_time":4.808027755},
{"learn":[0.3048333449],"iteration":98,"passed_time":0.8629313685,"remaining_time":4.881227943},
{"learn":[0.3044720892],"iteration":99,"passed_time":0.8690312988,"remaining_time":4.85788496},
{"learn":[0.3041457552],"iteration":100,"passed_time":0.8762989897,"remaining_time":4.841335013},
{"learn":[0.3038394191],"iteration":101,"passed_time":0.8826764653,"remaining_time":4.820105796},
{"learn":[0.303477963],"iteration":102,"passed_time":0.8901941766,"remaining_time":4.805320021},
{"learn":[0.3028626371],"iteration":103,"passed_time":0.8981360517,"remaining_time":4.792937583},
{"learn":[0.30259533],"iteration":104,"passed_time":0.9071332986,"remaining_time":4.786208071},
{"learn":[0.3021669652],"iteration":105,"passed_time":0.9156296656,"remaining_time":4.776822689},
{"learn":[0.3016810585],"iteration":106,"passed_time":0.9239831728,"remaining_time":4.766716929},
{"learn":[0.3012757327],"iteration":107,"passed_time":0.931608752,"remaining_time":4.752929837},
{"learn":[0.3007016681],"iteration":108,"passed_time":0.9405138909,"remaining_time":4.745712293},
{"learn":[0.3003347008],"iteration":109,"passed_time":0.9476287115,"remaining_time":4.729528751},
{"learn":[0.2999950137],"iteration":110,"passed_time":0.9557538552,"remaining_time":4.718496511},
{"learn":[0.2997075342],"iteration":111,"passed_time":0.9633472138,"remaining_time":4.704918982},
{"learn":[0.2991849596],"iteration":112,"passed_time":0.9715769458,"remaining_time":4.694522234},
{"learn":[0.2988913507],"iteration":113,"passed_time":0.9793505466,"remaining_time":4.681982876},
{"learn":[0.2985342587],"iteration":114,"passed_time":0.9880838577,"remaining_time":4.674066249},
{"learn":[0.2982108463],"iteration":115,"passed_time":0.997288106,"remaining_time":4.668340013},
{"learn":[0.2974680969],"iteration":116,"passed_time":1.005989334,"remaining_time":4.660224093},
{"learn":[0.2969833108],"iteration":117,"passed_time":1.014963846,"remaining_time":4.653351194},
{"learn":[0.2967089842],"iteration":118,"passed_time":1.023652975,"remaining_time":4.645147955},
{"learn":[0.2962316466],"iteration":119,"passed_time":1.03317926,"remaining_time":4.640696841},
{"learn":[0.2959477622],"iteration":120,"passed_time":1.041912165,"remaining_time":4.632634256},
{"learn":[0.2956540955],"iteration":121,"passed_time":1.051756555,"remaining_time":4.629453031},
{"learn":[0.295418529],"iteration":122,"passed_time":1.059885471,"remaining_time":4.618687907},
{"learn":[0.29518482],"iteration":123,"passed_time":1.06774555,"remaining_time":4.606805398},
{"learn":[0.2949774039],"iteration":124,"passed_time":1.077128591,"remaining_time":4.601493339},
{"learn":[0.2946340859],"iteration":125,"passed_time":1.085713489,"remaining_time":4.592740395},
{"learn":[0.2942975536],"iteration":126,"passed_time":1.094836209,"remaining_time":4.586243015},
{"learn":[0.2940390466],"iteration":127,"passed_time":1.103469622,"remaining_time":4.57767476},
{"learn":[0.2938470434],"iteration":128,"passed_time":1.112295648,"remaining_time":4.569896849},
{"learn":[0.2935142959],"iteration":129,"passed_time":1.121541356,"remaining_time":4.563810597},
{"learn":[0.2932415397],"iteration":130,"passed_time":1.130638433,"remaining_time":4.557077043},
{"learn":[0.2928186],"iteration":131,"passed_time":1.14158574,"remaining_time":4.557694584},
{"learn":[0.2925857327],"iteration":132,"passed_time":1.149961291,"remaining_time":4.547967211},
{"learn":[0.2923239254],"iteration":133,"passed_time":1.158790322,"remaining_time":4.54003671},
{"learn":[0.2921272183],"iteration":134,"passed_time":1.166943511,"remaining_time":4.529469627},
{"learn":[0.2919421102],"iteration":135,"passed_time":1.175951241,"remaining_time":4.522224257},
{"learn":[0.2917677867],"iteration":136,"passed_time":1.186057947,"remaining_time":4.519140501},
{"learn":[0.2914716097],"iteration":137,"passed_time":1.195797783,"remaining_time":4.51456989},
{"learn":[0.2911974308],"iteration":138,"passed_time":1.204974325,"remaining_time":4.50781762},
{"learn":[0.2908445771],"iteration":139,"passed_time":1.214560416,"remaining_time":4.502548972},
{"learn":[0.2905733551],"iteration":140,"passed_time":1.224029127,"remaining_time":4.496787855},
{"learn":[0.2902797452],"iteration":141,"passed_time":1.233526455,"remaining_time":4.491078713},
{"learn":[0.2899616627],"iteration":142,"passed_time":1.241931382,"remaining_time":4.481374777},
{"learn":[0.2896176467],"iteration":143,"passed_time":1.251776068,"remaining_time":4.476838021},
{"learn":[0.2893878678],"iteration":144,"passed_time":1.260149013,"remaining_time":4.467010985},
{"learn":[0.2890988198],"iteration":145,"passed_time":1.268644682,"remaining_time":4.457635083},
{"learn":[0.2888660391],"iteration":146,"passed_time":1.280072221,"remaining_time":4.458482839},
{"learn":[0.2885884163],"iteration":147,"passed_time":1.288380019,"remaining_time":4.448393175},
{"learn":[0.288337414],"iteration":148,"passed_time":1.297387478,"remaining_time":4.440722241},
{"learn":[0.2881352044],"iteration":149,"passed_time":1.306954928,"remaining_time":4.434933721},
{"learn":[0.2878650972],"iteration":150,"passed_time":1.315871861,"remaining_time":4.426906659},
{"learn":[0.2875607291],"iteration":151,"passed_time":1.324338998,"remaining_time":4.417367579},
{"learn":[0.2872030052],"iteration":152,"passed_time":1.333280984,"remaining_time":4.409412927},
{"learn":[0.2869181555],"iteration":153,"passed_time":1.342169598,"remaining_time":4.401270434},
{"learn":[0.2867279786],"iteration":154,"passed_time":1.35022486,"remaining_time":4.390408577},
{"learn":[0.2864412459],"iteration":155,"passed_time":1.359155024,"remaining_time":4.382403699},
{"learn":[0.2862399761],"iteration":156,"passed_time":1.368125397,"remaining_time":4.374515599},
{"learn":[0.2858850224],"iteration":157,"passed_time":1.377084224,"remaining_time":4.366577193},
{"learn":[0.2853949191],"iteration":158,"passed_time":1.385800196,"remaining_time":4.357862251},
{"learn":[0.2852021982],"iteration":159,"passed_time":1.394031012,"remaining_time":4.34763422},
{"learn":[0.2848736809],"iteration":160,"passed_time":1.402815635,"remaining_time":4.339144014},
{"learn":[0.2846765568],"iteration":161,"passed_time":1.410940523,"remaining_time":4.328626171},
{"learn":[0.2844783449],"iteration":162,"passed_time":1.419541394,"remaining_time":4.319586082},
{"learn":[0.2842163034],"iteration":163,"passed_time":1.428341402,"remaining_time":4.311152402},
{"learn":[0.2839743551],"iteration":164,"passed_time":1.437198372,"remaining_time":4.302884823},
{"learn":[0.2837156804],"iteration":165,"passed_time":1.44577554,"remaining_time":4.293779165},
{"learn":[0.2834643143],"iteration":166,"passed_time":1.454486993,"remaining_time":4.285075454},
{"learn":[0.283317391],"iteration":167,"passed_time":1.462854518,"remaining_time":4.275366478},
{"learn":[0.2830846152],"iteration":168,"passed_time":1.472279009,"remaining_time":4.268737954},
{"learn":[0.2828498686],"iteration":169,"passed_time":1.480394613,"remaining_time":4.258311562},
{"learn":[0.2826503447],"iteration":170,"passed_time":1.489205156,"remaining_time":4.249895416},
{"learn":[0.2823802279],"iteration":171,"passed_time":1.498923561,"remaining_time":4.244045198},
{"learn":[0.2821437764],"iteration":172,"passed_time":1.50736284,"remaining_time":4.23455688},
{"learn":[0.2818542151],"iteration":173,"passed_time":1.515679603,"remaining_time":4.224739124},
{"learn":[0.281601634],"iteration":174,"passed_time":1.52518721,"remaining_time":4.218232054},
{"learn":[0.2813755626],"iteration":175,"passed_time":1.53501903,"remaining_time":4.212580632},
{"learn":[0.2811805789],"iteration":176,"passed_time":1.546019779,"remaining_time":4.210065162},
{"learn":[0.280955944],"iteration":177,"passed_time":1.557361347,"remaining_time":4.208375326},
{"learn":[0.2807428793],"iteration":178,"passed_time":1.566513224,"remaining_time":4.200705853},
{"learn":[0.2805095255],"iteration":179,"passed_time":1.57604098,"remaining_time":4.194020164},
{"learn":[0.2802891206],"iteration":180,"passed_time":1.58493333,"remaining_time":4.185625038},
{"learn":[0.2800493371],"iteration":181,"passed_time":1.593466602,"remaining_time":4.176283348},
{"learn":[0.2798230292],"iteration":182,"passed_time":1.602137799,"remaining_time":4.167309247},
{"learn":[0.2793133231],"iteration":183,"passed_time":1.611058921,"remaining_time":4.158983628},
{"learn":[0.2791520949],"iteration":184,"passed_time":1.61952729,"remaining_time":4.149491543},
{"learn":[0.2789407772],"iteration":185,"passed_time":1.628570997,"remaining_time":4.141473556},
{"learn":[0.2787623008],"iteration":186,"passed_time":1.638144869,"remaining_time":4.134782772},
{"learn":[0.2785405586],"iteration":187,"passed_time":1.648099277,"remaining_time":4.129014677},
{"learn":[0.2783619628],"iteration":188,"passed_time":1.657649599,"remaining_time":4.122197415},
{"learn":[0.2781714476],"iteration":189,"passed_time":1.666300206,"remaining_time":4.113130508},
{"learn":[0.2779203359],"iteration":190,"passed_time":1.674909234,"remaining_time":4.103966081},
{"learn":[0.2777684414],"iteration":191,"passed_time":1.684093879,"remaining_time":4.096207507},
{"learn":[0.2775087638],"iteration":192,"passed_time":1.692780019,"remaining_time":4.087230513},
{"learn":[0.2772590237],"iteration":193,"passed_time":1.70126745,"remaining_time":4.077780229},
{"learn":[0.2770863414],"iteration":194,"passed_time":1.709841211,"remaining_time":4.06854524},
{"learn":[0.276883872],"iteration":195,"passed_time":1.718733836,"remaining_time":4.060070236},
{"learn":[0.2766789763],"iteration":196,"passed_time":1.727553559,"remaining_time":4.051420023},
{"learn":[0.2764873949],"iteration":197,"passed_time":1.737085815,"remaining_time":4.044427074},
{"learn":[0.2763231803],"iteration":198,"passed_time":1.745317226,"remaining_time":4.034401627},
{"learn":[0.2760369454],"iteration":199,"passed_time":1.754070055,"remaining_time":4.025590776},
{"learn":[0.2758901886],"iteration":200,"passed_time":1.761874602,"remaining_time":4.014619741},
{"learn":[0.2757398053],"iteration":201,"passed_time":1.769451632,"remaining_time":4.003165327},
{"learn":[0.2755762577],"iteration":202,"passed_time":1.778086685,"remaining_time":3.994125755},
{"learn":[0.2753630117],"iteration":203,"passed_time":1.787215667,"remaining_time":3.986191806},
{"learn":[0.2750961994],"iteration":204,"passed_time":1.797154419,"remaining_time":3.980039543},
{"learn":[0.2749435613],"iteration":205,"passed_time":1.805568193,"remaining_time":3.970497046},
{"learn":[0.2747539248],"iteration":206,"passed_time":1.814894982,"remaining_time":3.962959092},
{"learn":[0.2745451436],"iteration":207,"passed_time":1.823662302,"remaining_time":3.954190858},
{"learn":[0.2743001322],"iteration":208,"passed_time":1.834959045,"remaining_time":3.950868756},
{"learn":[0.2738809108],"iteration":209,"passed_time":1.844182027,"remaining_time":3.94303681},
{"learn":[0.2737069432],"iteration":210,"passed_time":1.852547582,"remaining_time":3.93337117},
{"learn":[0.2732779731],"iteration":211,"passed_time":1.861488414,"remaining_time":3.92493076},
{"learn":[0.2730359743],"iteration":212,"passed_time":1.869857234,"remaining_time":3.915287916},
{"learn":[0.2727904396],"iteration":213,"passed_time":1.879052214,"remaining_time":3.907374932},
{"learn":[0.2725513005],"iteration":214,"passed_time":1.888253291,"remaining_time":3.899462611},
{"learn":[0.2722813598],"iteration":215,"passed_time":1.89687132,"remaining_time":3.890342569},
{"learn":[0.2718937479],"iteration":216,"passed_time":1.905855468,"remaining_time":3.881972888},
{"learn":[0.2715107795],"iteration":217,"passed_time":1.915043325,"remaining_time":3.874009662},
{"learn":[0.2713153873],"iteration":218,"passed_time":1.924571829,"remaining_time":3.866719656},
{"learn":[0.2710956064],"iteration":219,"passed_time":1.935845237,"remaining_time":3.862891177},
{"learn":[0.2708700262],"iteration":220,"passed_time":1.944760878,"remaining_time":3.854322464},
{"learn":[0.2706267205],"iteration":221,"passed_time":1.954316057,"remaining_time":3.847009537},
{"learn":[0.2704883179],"iteration":222,"passed_time":1.96347593,"remaining_time":3.838903612},
{"learn":[0.2703430579],"iteration":223,"passed_time":1.972984593,"remaining_time":3.831465616},
{"learn":[0.2701579435],"iteration":224,"passed_time":1.982357224,"remaining_time":3.823746822},
{"learn":[0.2699714517],"iteration":225,"passed_time":1.991191374,"remaining_time":3.814981704},
{"learn":[0.2696889535],"iteration":226,"passed_time":2.000551295,"remaining_time":3.807216562},
{"learn":[0.2694062027],"iteration":227,"passed_time":2.010845398,"remaining_time":3.801203362},
{"learn":[0.2692579998],"iteration":228,"passed_time":2.019734807,"remaining_time":3.792515139},
{"learn":[0.2690786719],"iteration":229,"passed_time":2.030445895,"remaining_time":3.787222996},
{"learn":[0.2689003731],"iteration":230,"passed_time":2.039936645,"remaining_time":3.779622875},
{"learn":[0.2687089681],"iteration":231,"passed_time":2.050267648,"remaining_time":3.773552955},
{"learn":[0.268527133],"iteration":232,"passed_time":2.059411542,"remaining_time":3.765276038},
{"learn":[0.2682369677],"iteration":233,"passed_time":2.067619843,"remaining_time":3.755292451},
{"learn":[0.2680585328],"iteration":234,"passed_time":2.079476846,"remaining_time":3.751907161},
{"learn":[0.2678961496],"iteration":235,"passed_time":2.089734775,"remaining_time":3.74558394},
{"learn":[0.2677522856],"iteration":236,"passed_time":2.098149112,"remaining_time":3.735944832},
{"learn":[0.267577595],"iteration":237,"passed_time":2.10758309,"remaining_time":3.728119668},
{"learn":[0.2674038357],"iteration":238,"passed_time":2.118061518,"remaining_time":3.722116474},
{"learn":[0.2672114994],"iteration":239,"passed_time":2.127275469,"remaining_time":3.713868423},
{"learn":[0.2670170131],"iteration":240,"passed_time":2.138684483,"remaining_time":3.70941956},
{"learn":[0.2668307531],"iteration":241,"passed_time":2.148965375,"remaining_time":3.702969261},
{"learn":[0.2665545807],"iteration":242,"passed_time":2.159055845,"remaining_time":3.696161446},
{"learn":[0.2663761393],"iteration":243,"passed_time":2.170703146,"remaining_time":3.691974612},
{"learn":[0.2661439102],"iteration":244,"passed_time":2.17944902,"remaining_time":3.682824059},
{"learn":[0.2659025442],"iteration":245,"passed_time":2.189196879,"remaining_time":3.675358988},
{"learn":[0.2656371218],"iteration":246,"passed_time":2.19855038,"remaining_time":3.667217638},
{"learn":[0.2654860188],"iteration":247,"passed_time":2.207424125,"remaining_time":3.658271432},
{"learn":[0.2652474874],"iteration":248,"passed_time":2.216895358,"remaining_time":3.650309626},
{"learn":[0.2650998629],"iteration":249,"passed_time":2.226972394,"remaining_time":3.643326837},
{"learn":[0.2649470766],"iteration":250,"passed_time":2.240216323,"remaining_time":3.641467171},
{"learn":[0.2647917601],"iteration":251,"passed_time":2.250025933,"remaining_time":3.633970455},
{"learn":[0.2646286966],"iteration":252,"passed_time":2.261782769,"remaining_time":3.629580253},
{"learn":[0.2644585428],"iteration":253,"passed_time":2.272063234,"remaining_time":3.622777992},
{"learn":[0.2642987715],"iteration":254,"passed_time":2.282855086,"remaining_time":3.616758646},
{"learn":[0.2640937526],"iteration":255,"passed_time":2.294692318,"remaining_time":3.612347673},
{"learn":[0.2639228852],"iteration":256,"passed_time":2.304940502,"remaining_time":3.605393314},
{"learn":[0.2637678886],"iteration":257,"passed_time":2.316491472,"remaining_time":3.600438296},
{"learn":[0.2635864581],"iteration":258,"passed_time":2.332121037,"remaining_time":3.601731332},
{"learn":[0.2634194897],"iteration":259,"passed_time":2.343104881,"remaining_time":3.595764798},
{"learn":[0.2632123584],"iteration":260,"passed_time":2.353770179,"remaining_time":3.589274066},
{"learn":[0.2630740353],"iteration":261,"passed_time":2.363426054,"remaining_time":3.581221922},
{"learn":[0.262875746],"iteration":262,"passed_time":2.374734778,"remaining_time":3.575646281},
{"learn":[0.262679323],"iteration":263,"passed_time":2.388277791,"remaining_time":3.573370179},
{"learn":[0.2624791757],"iteration":264,"passed_time":2.402402952,"remaining_time":3.571874578},
{"learn":[0.2623481396],"iteration":265,"passed_time":2.412542172,"remaining_time":3.564395014},
{"learn":[0.2622049906],"iteration":266,"passed_time":2.422211093,"remaining_time":3.55620505},
{"learn":[0.2619932953],"iteration":267,"passed_time":2.433670222,"remaining_time":3.550615883},
{"learn":[0.2617976699],"iteration":268,"passed_time":2.442619787,"remaining_time":3.541344672},
{"learn":[0.2616473994],"iteration":269,"passed_time":2.451300215,"remaining_time":3.531688087},
{"learn":[0.2614610081],"iteration":270,"passed_time":2.461460036,"remaining_time":3.524156804},
{"learn":[0.2612838428],"iteration":271,"passed_time":2.471760944,"remaining_time":3.516806932},
{"learn":[0.2610866163],"iteration":272,"passed_time":2.481185886,"remaining_time":3.508196894},
{"learn":[0.2608719534],"iteration":273,"passed_time":2.49227202,"remaining_time":3.501915064},
{"learn":[0.260629011],"iteration":274,"passed_time":2.502432061,"remaining_time":3.494305132},
{"learn":[0.2604858425],"iteration":275,"passed_time":2.511641532,"remaining_time":3.485357633},
{"learn":[0.2603414819],"iteration":276,"passed_time":2.520737288,"remaining_time":3.476251423},
{"learn":[0.2601589355],"iteration":277,"passed_time":2.531526826,"remaining_time":3.469466622},
{"learn":[0.2599719947],"iteration":278,"passed_time":2.549986844,"remaining_time":3.473100362},
{"learn":[0.259713709],"iteration":279,"passed_time":2.561426245,"remaining_time":3.467073382},
{"learn":[0.2595901575],"iteration":280,"passed_time":2.575704218,"remaining_time":3.464826315},
{"learn":[0.2592209807],"iteration":281,"passed_time":2.587102637,"remaining_time":3.458644305},
{"learn":[0.2590557454],"iteration":282,"passed_time":2.595863871,"remaining_time":3.44892161},
{"learn":[0.2589042779],"iteration":283,"passed_time":2.604867767,"remaining_time":3.439526101},
{"learn":[0.2586696197],"iteration":284,"passed_time":2.616002923,"remaining_time":3.432930151},
{"learn":[0.2584890483],"iteration":285,"passed_time":2.626171904,"remaining_time":3.425042379},
{"learn":[0.2583119447],"iteration":286,"passed_time":2.635449479,"remaining_time":3.415983297},
{"learn":[0.2581154743],"iteration":287,"passed_time":2.644234557,"remaining_time":3.406288266},
{"learn":[0.2579490584],"iteration":288,"passed_time":2.652983807,"remaining_time":3.396553663},
{"learn":[0.2578098161],"iteration":289,"passed_time":2.663223301,"remaining_time":3.388722062},
{"learn":[0.2576179018],"iteration":290,"passed_time":2.673629511,"remaining_time":3.381084742},
{"learn":[0.2575012564],"iteration":291,"passed_time":2.681082892,"remaining_time":3.369717196},
{"learn":[0.2573223053],"iteration":292,"passed_time":2.689310448,"remaining_time":3.359343426},
{"learn":[0.2571099745],"iteration":293,"passed_time":2.697048192,"remaining_time":3.348376157},
{"learn":[0.2569939473],"iteration":294,"passed_time":2.704878232,"remaining_time":3.337544666},
{"learn":[0.2567707804],"iteration":295,"passed_time":2.712429776,"remaining_time":3.326391921},
{"learn":[0.2562763325],"iteration":296,"passed_time":2.7206124,"remaining_time":3.316032623},
{"learn":[0.2560991495],"iteration":297,"passed_time":2.728428794,"remaining_time":3.305244277},
{"learn":[0.2559248104],"iteration":298,"passed_time":2.737201638,"remaining_time":3.29562739},
{"learn":[0.2556762035],"iteration":299,"passed_time":2.745344966,"remaining_time":3.285262809},
{"learn":[0.2555407626],"iteration":300,"passed_time":2.754336945,"remaining_time":3.275922346},
{"learn":[0.2554032968],"iteration":301,"passed_time":2.762319702,"remaining_time":3.26539117},
{"learn":[0.2552206212],"iteration":302,"passed_time":2.770944414,"remaining_time":3.25563106},
{"learn":[0.2550700179],"iteration":303,"passed_time":2.778690012,"remaining_time":3.244851824},
{"learn":[0.2548856615],"iteration":304,"passed_time":2.78700066,"remaining_time":3.234748307},
{"learn":[0.2547270211],"iteration":305,"passed_time":2.795868549,"remaining_time":3.225299339},
{"learn":[0.2545068928],"iteration":306,"passed_time":2.804196335,"remaining_time":3.215234886},
{"learn":[0.2543538247],"iteration":307,"passed_time":2.814120438,"remaining_time":3.207000888},
{"learn":[0.2541557332],"iteration":308,"passed_time":2.822838134,"remaining_time":3.197389472},
{"learn":[0.2539338719],"iteration":309,"passed_time":2.83171499,"remaining_time":3.187963004},
{"learn":[0.2538418335],"iteration":310,"passed_time":2.839730392,"remaining_time":3.17757613},
{"learn":[0.2537396142],"iteration":311,"passed_time":2.847867718,"remaining_time":3.167340058},
{"learn":[0.253546125],"iteration":312,"passed_time":2.856703969,"remaining_time":3.15789001},
{"learn":[0.253310643],"iteration":313,"passed_time":2.865734652,"remaining_time":3.1486575},
{"learn":[0.25314797],"iteration":314,"passed_time":2.875891545,"remaining_time":3.140656163},
{"learn":[0.2530294619],"iteration":315,"passed_time":2.885531518,"remaining_time":3.132080097},
{"learn":[0.2528792026],"iteration":316,"passed_time":2.893802111,"remaining_time":3.122019943},
{"learn":[0.2527729118],"iteration":317,"passed_time":2.903430255,"remaining_time":3.113426783},
{"learn":[0.252588048],"iteration":318,"passed_time":2.911912541,"remaining_time":3.103605843},
{"learn":[0.2524576514],"iteration":319,"passed_time":2.920768913,"remaining_time":3.094189568},
{"learn":[0.2522490605],"iteration":320,"passed_time":2.930337028,"remaining_time":3.085526216},
{"learn":[0.2521508331],"iteration":321,"passed_time":2.938996447,"remaining_time":3.07590622},
{"learn":[0.251914899],"iteration":322,"passed_time":2.947478298,"remaining_time":3.066107456},
{"learn":[0.2517646554],"iteration":323,"passed_time":2.956058933,"remaining_time":3.056418959},
{"learn":[0.2515813339],"iteration":324,"passed_time":2.964336471,"remaining_time":3.046425789},
{"learn":[0.2514106396],"iteration":325,"passed_time":2.974446307,"remaining_time":3.038314786},
{"learn":[0.2512414806],"iteration":326,"passed_time":2.983531857,"remaining_time":3.02915161},
{"learn":[0.2511136129],"iteration":327,"passed_time":2.991120588,"remaining_time":3.018478398},
{"learn":[0.2509528174],"iteration":328,"passed_time":2.998508573,"remaining_time":3.007622581},
{"learn":[0.2508640158],"iteration":329,"passed_time":3.00538675,"remaining_time":2.996279517},
{"learn":[0.2506641212],"iteration":330,"passed_time":3.01401678,"remaining_time":2.986699407},
{"learn":[0.2505051396],"iteration":331,"passed_time":3.021253972,"remaining_time":2.975753159},
{"learn":[0.2503831671],"iteration":332,"passed_time":3.029149632,"remaining_time":2.965473814},
{"learn":[0.2501137261],"iteration":333,"passed_time":3.037643901,"remaining_time":2.955791221},
{"learn":[0.2499305857],"iteration":334,"passed_time":3.046080524,"remaining_time":2.946059969},
{"learn":[0.2497826078],"iteration":335,"passed_time":3.054660855,"remaining_time":2.936474572},
{"learn":[0.2496428364],"iteration":336,"passed_time":3.061878681,"remaining_time":2.92559328},
{"learn":[0.2494722771],"iteration":337,"passed_time":3.071465763,"remaining_time":2.916983757},
{"learn":[0.2493596368],"iteration":338,"passed_time":3.078488423,"remaining_time":2.905947774},
{"learn":[0.2492012269],"iteration":339,"passed_time":3.087914245,"remaining_time":2.89719013},
{"learn":[0.2490693847],"iteration":340,"passed_time":3.09529503,"remaining_time":2.886521465},
{"learn":[0.2489144861],"iteration":341,"passed_time":3.103847274,"remaining_time":2.876957854},
{"learn":[0.2487225533],"iteration":342,"passed_time":3.111013856,"remaining_time":2.866123553},
{"learn":[0.2485182596],"iteration":343,"passed_time":3.118710603,"remaining_time":2.855796047},
{"learn":[0.2483353965],"iteration":344,"passed_time":3.127112121,"remaining_time":2.846125235},
{"learn":[0.2481662174],"iteration":345,"passed_time":3.135845884,"remaining_time":2.836762317},
{"learn":[0.2480320246],"iteration":346,"passed_time":3.145427753,"remaining_time":2.828165588},
{"learn":[0.2478981298],"iteration":347,"passed_time":3.154518412,"remaining_time":2.819124213},
{"learn":[0.2477319832],"iteration":348,"passed_time":3.164476545,"remaining_time":2.810853092},
{"learn":[0.2476048897],"iteration":349,"passed_time":3.174632504,"remaining_time":2.802746982},
{"learn":[0.2474728809],"iteration":350,"passed_time":3.183988288,"remaining_time":2.793927045},
{"learn":[0.2473743577],"iteration":351,"passed_time":3.192566165,"remaining_time":2.784425604},
{"learn":[0.2472603706],"iteration":352,"passed_time":3.199346157,"remaining_time":2.773370889},
{"learn":[0.2471142671],"iteration":353,"passed_time":3.207874916,"remaining_time":2.763847032},
{"learn":[0.2469286478],"iteration":354,"passed_time":3.216250717,"remaining_time":2.754197797},
{"learn":[0.2468143864],"iteration":355,"passed_time":3.22430284,"remaining_time":2.744280226},
{"learn":[0.2465947115],"iteration":356,"passed_time":3.23203696,"remaining_time":2.734104095},
{"learn":[0.2464813202],"iteration":357,"passed_time":3.240853677,"remaining_time":2.724851835},
{"learn":[0.246283399],"iteration":358,"passed_time":3.250084545,"remaining_time":2.715948088},
{"learn":[0.2461005925],"iteration":359,"passed_time":3.259688303,"remaining_time":2.707352229},
{"learn":[0.2459727676],"iteration":360,"passed_time":3.267307752,"remaining_time":2.69711277},
{"learn":[0.2458155246],"iteration":361,"passed_time":3.275580842,"remaining_time":2.687424061},
{"learn":[0.2456762843],"iteration":362,"passed_time":3.284482328,"remaining_time":2.678255562},
{"learn":[0.2455523461],"iteration":363,"passed_time":3.292677662,"remaining_time":2.668516237},
{"learn":[0.2453917599],"iteration":364,"passed_time":3.302398991,"remaining_time":2.66001453},
{"learn":[0.2452522183],"iteration":365,"passed_time":3.310237889,"remaining_time":2.649999185},
{"learn":[0.2450290956],"iteration":366,"passed_time":3.318490658,"remaining_time":2.640324992},
{"learn":[0.2449068863],"iteration":367,"passed_time":3.327382992,"remaining_time":2.631164268},
{"learn":[0.2447753855],"iteration":368,"passed_time":3.334811057,"remaining_time":2.620854218},
{"learn":[0.2446570856],"iteration":369,"passed_time":3.342830335,"remaining_time":2.611021532},
{"learn":[0.2444806081],"iteration":370,"passed_time":3.351300682,"remaining_time":2.601548778},
{"learn":[0.2442129519],"iteration":371,"passed_time":3.359194569,"remaining_time":2.59163667},
{"learn":[0.2439954899],"iteration":372,"passed_time":3.36674391,"remaining_time":2.581471201},
{"learn":[0.243784451],"iteration":373,"passed_time":3.374721807,"remaining_time":2.571646297},
{"learn":[0.2436443359],"iteration":374,"passed_time":3.383505535,"remaining_time":2.562441525},
{"learn":[0.2435174369],"iteration":375,"passed_time":3.393297647,"remaining_time":2.553997963},
{"learn":[0.2433708384],"iteration":376,"passed_time":3.401337256,"remaining_time":2.544236356},
{"learn":[0.2432508132],"iteration":377,"passed_time":3.409710577,"remaining_time":2.534731937},
{"learn":[0.2431199654],"iteration":378,"passed_time":3.417203313,"remaining_time":2.524582922},
{"learn":[0.2429427749],"iteration":379,"passed_time":3.425217314,"remaining_time":2.514830607},
{"learn":[0.2428309585],"iteration":380,"passed_time":3.432742071,"remaining_time":2.504730435},
{"learn":[0.2427250849],"iteration":381,"passed_time":3.441338223,"remaining_time":2.495420648},
{"learn":[0.2424965236],"iteration":382,"passed_time":3.449448688,"remaining_time":2.48576459},
{"learn":[0.2422513992],"iteration":383,"passed_time":3.458177266,"remaining_time":2.47655924},
{"learn":[0.2420527449],"iteration":384,"passed_time":3.466836302,"remaining_time":2.467306874},
{"learn":[0.241954351],"iteration":385,"passed_time":3.473991408,"remaining_time":2.456993923},
{"learn":[0.2417760004],"iteration":386,"passed_time":3.48253347,"remaining_time":2.447672103},
{"learn":[0.2415937796],"iteration":387,"passed_time":3.491218299,"remaining_time":2.438454018},
{"learn":[0.2414548683],"iteration":388,"passed_time":3.499202979,"remaining_time":2.428752711},
{"learn":[0.2413123311],"iteration":389,"passed_time":3.507246125,"remaining_time":2.419100533},
{"learn":[0.2412030938],"iteration":390,"passed_time":3.515308864,"remaining_time":2.409470014},
{"learn":[0.2410371202],"iteration":391,"passed_time":3.523350221,"remaining_time":2.399832931},
{"learn":[0.2408447084],"iteration":392,"passed_time":3.532148283,"remaining_time":2.390716141},
{"learn":[0.2406964408],"iteration":393,"passed_time":3.53968235,"remaining_time":2.380750819},
{"learn":[0.2405693614],"iteration":394,"passed_time":3.548339572,"remaining_time":2.371548474},
{"learn":[0.2404174243],"iteration":395,"passed_time":3.556125045,"remaining_time":2.361769916},
{"learn":[0.2402658919],"iteration":396,"passed_time":3.566293426,"remaining_time":2.353573999},
{"learn":[0.2401305022],"iteration":397,"passed_time":3.574818078,"remaining_time":2.344290247},
{"learn":[0.2399958413],"iteration":398,"passed_time":3.582454164,"remaining_time":2.334431285},
{"learn":[0.239881179],"iteration":399,"passed_time":3.591833601,"remaining_time":2.325712257},
{"learn":[0.2397482436],"iteration":400,"passed_time":3.599365028,"remaining_time":2.315800941},
{"learn":[0.2395657089],"iteration":401,"passed_time":3.6082664,"remaining_time":2.306777276},
{"learn":[0.2394095735],"iteration":402,"passed_time":3.617157803,"remaining_time":2.297747885},
{"learn":[0.239194596],"iteration":403,"passed_time":3.625692211,"remaining_time":2.288493846},
{"learn":[0.239076564],"iteration":404,"passed_time":3.632650997,"remaining_time":2.278255193},
{"learn":[0.2389398312],"iteration":405,"passed_time":3.64003035,"remaining_time":2.268294775},
{"learn":[0.2388433198],"iteration":406,"passed_time":3.648093188,"remaining_time":2.25877023},
{"learn":[0.2387136126],"iteration":407,"passed_time":3.655950675,"remaining_time":2.249126518},
{"learn":[0.2385546096],"iteration":408,"passed_time":3.663758998,"remaining_time":2.23946149},
{"learn":[0.2384248203],"iteration":409,"passed_time":3.671694685,"remaining_time":2.22988287},
{"learn":[0.2383481293],"iteration":410,"passed_time":3.680258795,"remaining_time":2.220691438},
{"learn":[0.2382390873],"iteration":411,"passed_time":3.689190585,"remaining_time":2.211723482},
{"learn":[0.2380842172],"iteration":412,"passed_time":3.697774168,"remaining_time":2.202548294},
{"learn":[0.2379713753],"iteration":413,"passed_time":3.706074732,"remaining_time":2.193208477},
{"learn":[0.2378172851],"iteration":414,"passed_time":3.714185536,"remaining_time":2.183762098},
{"learn":[0.2375913407],"iteration":415,"passed_time":3.722042475,"remaining_time":2.17417385},
{"learn":[0.2374854094],"iteration":416,"passed_time":3.730072898,"remaining_time":2.164694584},
{"learn":[0.2373805585],"iteration":417,"passed_time":3.737829376,"remaining_time":2.155064305},
{"learn":[0.237240994],"iteration":418,"passed_time":3.746714071,"remaining_time":2.146089205},
{"learn":[0.2370273241],"iteration":419,"passed_time":3.754845083,"remaining_time":2.136685654},
{"learn":[0.236851762],"iteration":420,"passed_time":3.762704745,"remaining_time":2.127134749},
{"learn":[0.2366944265],"iteration":421,"passed_time":3.77138204,"remaining_time":2.118051051},
{"learn":[0.2365142315],"iteration":422,"passed_time":3.779159394,"remaining_time":2.10846718},
{"learn":[0.2363361694],"iteration":423,"passed_time":3.787470738,"remaining_time":2.099187791},
{"learn":[0.2361553756],"iteration":424,"passed_time":3.795483767,"remaining_time":2.08974871},
{"learn":[0.2360281327],"iteration":425,"passed_time":3.804276013,"remaining_time":2.080742514},
{"learn":[0.2358520132],"iteration":426,"passed_time":3.813659263,"remaining_time":2.072058428},
{"learn":[0.2357191174],"iteration":427,"passed_time":3.822065215,"remaining_time":2.062843609},
{"learn":[0.2356295937],"iteration":428,"passed_time":3.829445412,"remaining_time":2.053082622},
{"learn":[0.2354395039],"iteration":429,"passed_time":3.837206763,"remaining_time":2.043535695},
{"learn":[0.2352131456],"iteration":430,"passed_time":3.845241881,"remaining_time":2.034141877},
{"learn":[0.2350690524],"iteration":431,"passed_time":3.853401457,"remaining_time":2.024819747},
{"learn":[0.2349257204],"iteration":432,"passed_time":3.861114788,"remaining_time":2.015270074},
{"learn":[0.2347259192],"iteration":433,"passed_time":3.869801362,"remaining_time":2.006233425},
{"learn":[0.2346699401],"iteration":434,"passed_time":3.877443755,"remaining_time":1.996660692},
{"learn":[0.2345752777],"iteration":435,"passed_time":3.885303909,"remaining_time":1.987208192},
{"learn":[0.2343897677],"iteration":436,"passed_time":3.893102206,"remaining_time":1.977731556},
{"learn":[0.2342728189],"iteration":437,"passed_time":3.9016341,"remaining_time":1.968632731},
{"learn":[0.2341122177],"iteration":438,"passed_time":3.909993148,"remaining_time":1.959449869},
{"learn":[0.2339891124],"iteration":439,"passed_time":3.918270539,"remaining_time":1.950230109},
{"learn":[0.2338394411],"iteration":440,"passed_time":3.926355631,"remaining_time":1.940919564},
{"learn":[0.2337080243],"iteration":441,"passed_time":3.934631163,"remaining_time":1.93170806},
{"learn":[0.2334984414],"iteration":442,"passed_time":3.942054437,"remaining_time":1.922085233},
{"learn":[0.233364014],"iteration":443,"passed_time":3.950588254,"remaining_time":1.913010078},
{"learn":[0.2332403597],"iteration":444,"passed_time":3.957962723,"remaining_time":1.903379826},
{"learn":[0.2330934571],"iteration":445,"passed_time":3.966213158,"remaining_time":1.894178033},
{"learn":[0.232978341],"iteration":446,"passed_time":3.97435682,"remaining_time":1.884929856},
{"learn":[0.2328311914],"iteration":447,"passed_time":3.982204043,"remaining_time":1.875546994},
{"learn":[0.2327154895],"iteration":448,"passed_time":3.990644296,"remaining_time":1.866448334},
{"learn":[0.2325690706],"iteration":449,"passed_time":3.998784263,"remaining_time":1.857213136},
{"learn":[0.2324354484],"iteration":450,"passed_time":4.007701044,"remaining_time":1.848341058},
{"learn":[0.2322630974],"iteration":451,"passed_time":4.015785113,"remaining_time":1.83908743},
{"learn":[0.2321851838],"iteration":452,"passed_time":4.0245569,"remaining_time":1.830151703},
{"learn":[0.232078557],"iteration":453,"passed_time":4.032921581,"remaining_time":1.821032873},
{"learn":[0.2318836887],"iteration":454,"passed_time":4.040731474,"remaining_time":1.811668617},
{"learn":[0.2317654472],"iteration":455,"passed_time":4.048444648,"remaining_time":1.802268122},
{"learn":[0.2316456037],"iteration":456,"passed_time":4.056313926,"remaining_time":1.792944011},
{"learn":[0.2315390351],"iteration":457,"passed_time":4.064164857,"remaining_time":1.783618201},
{"learn":[0.2313439316],"iteration":458,"passed_time":4.073258892,"remaining_time":1.774840476},
{"learn":[0.2312315851],"iteration":459,"passed_time":4.080873053,"remaining_time":1.765421169},
{"learn":[0.2310174547],"iteration":460,"passed_time":4.089356023,"remaining_time":1.756382847},
{"learn":[0.2308540594],"iteration":461,"passed_time":4.097489879,"remaining_time":1.747198065},
{"learn":[0.2306283845],"iteration":462,"passed_time":4.10588678,"remaining_time":1.738129177},
{"learn":[0.2305253014],"iteration":463,"passed_time":4.114441162,"remaining_time":1.729129368},
{"learn":[0.2303890928],"iteration":464,"passed_time":4.12205986,"remaining_time":1.719741103},
{"learn":[0.2302425108],"iteration":465,"passed_time":4.129993054,"remaining_time":1.710490685},
{"learn":[0.2301060402],"iteration":466,"passed_time":4.137235468,"remaining_time":1.700961906},
{"learn":[0.2299572886],"iteration":467,"passed_time":4.145333472,"remaining_time":1.69179208},
{"learn":[0.2298111288],"iteration":468,"passed_time":4.15247359,"remaining_time":1.682238768},
{"learn":[0.2296653183],"iteration":469,"passed_time":4.160151044,"remaining_time":1.672911803},
{"learn":[0.2295707071],"iteration":470,"passed_time":4.168758154,"remaining_time":1.663962915},
{"learn":[0.2294621639],"iteration":471,"passed_time":4.17678027,"remaining_time":1.654783709},
{"learn":[0.2293636541],"iteration":472,"passed_time":4.184308367,"remaining_time":1.645415129},
{"learn":[0.2292059389],"iteration":473,"passed_time":4.191482253,"remaining_time":1.635916069},
{"learn":[0.2290886127],"iteration":474,"passed_time":4.19860424,"remaining_time":1.626406695},
{"learn":[0.2289293907],"iteration":475,"passed_time":4.20716313,"remaining_time":1.617459775},
{"learn":[0.228810418],"iteration":476,"passed_time":4.21639272,"remaining_time":1.608770388},
{"learn":[0.2286938173],"iteration":477,"passed_time":4.223959897,"remaining_time":1.59944925},
{"learn":[0.2285457562],"iteration":478,"passed_time":4.231140479,"remaining_time":1.589990159},
{"learn":[0.2284550894],"iteration":479,"passed_time":4.239081728,"remaining_time":1.580824228},
{"learn":[0.2283469424],"iteration":480,"passed_time":4.247172441,"remaining_time":1.571718699},
{"learn":[0.2282233481],"iteration":481,"passed_time":4.255164651,"remaining_time":1.56258121},
{"learn":[0.2280978641],"iteration":482,"passed_time":4.263083001,"remaining_time":1.553421549},
{"learn":[0.2279580969],"iteration":483,"passed_time":4.271810054,"remaining_time":1.544559421},
{"learn":[0.2278177714],"iteration":484,"passed_time":4.279525138,"remaining_time":1.535334792},
{"learn":[0.2276292614],"iteration":485,"passed_time":4.28897012,"remaining_time":1.526732162},
{"learn":[0.2275033787],"iteration":486,"passed_time":4.297397087,"remaining_time":1.517766528},
{"learn":[0.2273470515],"iteration":487,"passed_time":4.306457842,"remaining_time":1.509025187},
{"learn":[0.2271641409],"iteration":488,"passed_time":4.315755197,"remaining_time":1.500364792},
{"learn":[0.2270439997],"iteration":489,"passed_time":4.32321481,"remaining_time":1.491067965},
{"learn":[0.2269192825],"iteration":490,"passed_time":4.331530662,"remaining_time":1.482071591},
{"learn":[0.2267941504],"iteration":491,"passed_time":4.338672953,"remaining_time":1.47267964},
{"learn":[0.2266262488],"iteration":492,"passed_time":4.348335116,"remaining_time":1.464145293},
{"learn":[0.2265390583],"iteration":493,"passed_time":4.355982529,"remaining_time":1.454933436},
{"learn":[0.2263970191],"iteration":494,"passed_time":4.363889417,"remaining_time":1.445813867},
{"learn":[0.2262976956],"iteration":495,"passed_time":4.370784216,"remaining_time":1.436366587},
{"learn":[0.2261659618],"iteration":496,"passed_time":4.378823039,"remaining_time":1.42730248},
{"learn":[0.2260523137],"iteration":497,"passed_time":4.386901014,"remaining_time":1.418255147},
{"learn":[0.2259346053],"iteration":498,"passed_time":4.394140008,"remaining_time":1.408942688},
{"learn":[0.2257863867],"iteration":499,"passed_time":4.401983447,"remaining_time":1.399830736},
{"learn":[0.225694331],"iteration":500,"passed_time":4.409803046,"remaining_time":1.39071633},
{"learn":[0.2256166314],"iteration":501,"passed_time":4.418065657,"remaining_time":1.381745634},
{"learn":[0.2254806492],"iteration":502,"passed_time":4.42617314,"remaining_time":1.372729642},
{"learn":[0.2253664379],"iteration":503,"passed_time":4.434127998,"remaining_time":1.363670317},
{"learn":[0.2252253742],"iteration":504,"passed_time":4.442495356,"remaining_time":1.354741158},
{"learn":[0.2250742527],"iteration":505,"passed_time":4.450656795,"remaining_time":1.345751956},
{"learn":[0.2249114],"iteration":506,"passed_time":4.458775205,"remaining_time":1.336753119},
{"learn":[0.2247243708],"iteration":507,"passed_time":4.467329509,"remaining_time":1.327887315},
{"learn":[0.2245923539],"iteration":508,"passed_time":4.474918397,"remaining_time":1.318738231},
{"learn":[0.2244625915],"iteration":509,"passed_time":4.483630158,"remaining_time":1.309923321},
{"learn":[0.2243150774],"iteration":510,"passed_time":4.491447166,"remaining_time":1.300849668},
{"learn":[0.2241538014],"iteration":511,"passed_time":4.499583805,"remaining_time":1.291872694},
{"learn":[0.2240438463],"iteration":512,"passed_time":4.50758171,"remaining_time":1.282859512},
{"learn":[0.2238903002],"iteration":513,"passed_time":4.516595684,"remaining_time":1.274136915},
{"learn":[0.2237086488],"iteration":514,"passed_time":4.526685942,"remaining_time":1.265714128},
{"learn":[0.223618434],"iteration":515,"passed_time":4.534961011,"remaining_time":1.256781831},
{"learn":[0.2233873081],"iteration":516,"passed_time":4.543267797,"remaining_time":1.247860788},
{"learn":[0.2232195691],"iteration":517,"passed_time":4.550012123,"remaining_time":1.238516813},
{"learn":[0.2231119547],"iteration":518,"passed_time":4.557364415,"remaining_time":1.229346856},
{"learn":[0.2230366891],"iteration":519,"passed_time":4.565766306,"remaining_time":1.220464455},
{"learn":[0.2228728221],"iteration":520,"passed_time":4.573533968,"remaining_time":1.211415907},
{"learn":[0.2227439756],"iteration":521,"passed_time":4.581538849,"remaining_time":1.202434525},
{"learn":[0.2226422293],"iteration":522,"passed_time":4.589526972,"remaining_time":1.19345252},
{"learn":[0.2225623953],"iteration":523,"passed_time":4.597429313,"remaining_time":1.184452208},
{"learn":[0.2224856768],"iteration":524,"passed_time":4.605648397,"remaining_time":1.175536924},
{"learn":[0.2223694823],"iteration":525,"passed_time":4.613576651,"remaining_time":1.16655075},
{"learn":[0.2222235332],"iteration":526,"passed_time":4.622524313,"remaining_time":1.157823927},
{"learn":[0.2221644245],"iteration":527,"passed_time":4.62986193,"remaining_time":1.148696805},
{"learn":[0.2219801327],"iteration":528,"passed_time":4.637847166,"remaining_time":1.139735598},
{"learn":[0.2218440682],"iteration":529,"passed_time":4.645966011,"remaining_time":1.130810595},
{"learn":[0.2217639196],"iteration":530,"passed_time":4.653313423,"remaining_time":1.121702671},
{"learn":[0.2217187938],"iteration":531,"passed_time":4.660706284,"remaining_time":1.112612215},
{"learn":[0.2216090907],"iteration":532,"passed_time":4.669474112,"remaining_time":1.103853167},
{"learn":[0.2214820668],"iteration":533,"passed_time":4.677581526,"remaining_time":1.094939496},
{"learn":[0.221324132],"iteration":534,"passed_time":4.685753307,"remaining_time":1.086043757},
{"learn":[0.2212539637],"iteration":535,"passed_time":4.692859222,"remaining_time":1.076906127},
{"learn":[0.2211313739],"iteration":536,"passed_time":4.700640489,"remaining_time":1.067929497},
{"learn":[0.2209863687],"iteration":537,"passed_time":4.707942419,"remaining_time":1.058849503},
{"learn":[0.2208760278],"iteration":538,"passed_time":4.715945759,"remaining_time":1.049932265},
{"learn":[0.2207186241],"iteration":539,"passed_time":4.724389491,"remaining_time":1.041115462},
{"learn":[0.220571245],"iteration":540,"passed_time":4.733072058,"remaining_time":1.032352131},
{"learn":[0.2204675818],"iteration":541,"passed_time":4.741131229,"remaining_time":1.023454527},
{"learn":[0.2203323175],"iteration":542,"passed_time":4.748628445,"remaining_time":1.014439962},
{"learn":[0.220196747],"iteration":543,"passed_time":4.75584234,"remaining_time":1.005371083},
{"learn":[0.2201050447],"iteration":544,"passed_time":4.764524563,"remaining_time":0.9966161472},
{"learn":[0.2199636445],"iteration":545,"passed_time":4.773025571,"remaining_time":0.9878239736},
{"learn":[0.2198350853],"iteration":546,"passed_time":4.781826386,"remaining_time":0.9790942509},
{"learn":[0.2197590582],"iteration":547,"passed_time":4.789986848,"remaining_time":0.9702345622},
{"learn":[0.2196747151],"iteration":548,"passed_time":4.797690597,"remaining_time":0.961285912},
{"learn":[0.2195704628],"iteration":549,"passed_time":4.807286449,"remaining_time":0.9527167689},
{"learn":[0.2194564804],"iteration":550,"passed_time":4.814535383,"remaining_time":0.9436838863},
{"learn":[0.2193125176],"iteration":551,"passed_time":4.823749581,"remaining_time":0.9350384151},
{"learn":[0.2191733955],"iteration":552,"passed_time":4.832317021,"remaining_time":0.9262669153},
{"learn":[0.2190100889],"iteration":553,"passed_time":4.840583065,"remaining_time":0.9174390286},
{"learn":[0.2188786882],"iteration":554,"passed_time":4.849952219,"remaining_time":0.9088198753},
{"learn":[0.2187848145],"iteration":555,"passed_time":4.857572811,"remaining_time":0.8998740999},
{"learn":[0.2186952613],"iteration":556,"passed_time":4.865851539,"remaining_time":0.8910536032},
{"learn":[0.2185521196],"iteration":557,"passed_time":4.873974709,"remaining_time":0.8822068918},
{"learn":[0.2184847772],"iteration":558,"passed_time":4.881347247,"remaining_time":0.8732284878},
{"learn":[0.2183759763],"iteration":559,"passed_time":4.88915284,"remaining_time":0.864332377},
{"learn":[0.2182866114],"iteration":560,"passed_time":4.896787719,"remaining_time":0.8554103324},
{"learn":[0.2181481758],"iteration":561,"passed_time":4.905732172,"remaining_time":0.8467188981},
{"learn":[0.2180178349],"iteration":562,"passed_time":4.913536145,"remaining_time":0.8378320957},
{"learn":[0.2179416621],"iteration":563,"passed_time":4.921587851,"remaining_time":0.8289908614},
{"learn":[0.217819919],"iteration":564,"passed_time":4.931835771,"remaining_time":0.8205178097},
{"learn":[0.2177135788],"iteration":565,"passed_time":4.941981361,"remaining_time":0.8120216724},
{"learn":[0.2175991559],"iteration":566,"passed_time":4.950872011,"remaining_time":0.8033160936},
{"learn":[0.2174705322],"iteration":567,"passed_time":4.959268908,"remaining_time":0.7945307582},
{"learn":[0.2173453103],"iteration":568,"passed_time":4.968596752,"remaining_time":0.7858940381},
{"learn":[0.2172632523],"iteration":569,"passed_time":4.977151905,"remaining_time":0.7771342449},
{"learn":[0.2171273529],"iteration":570,"passed_time":4.986064853,"remaining_time":0.7684303101},
{"learn":[0.2169851365],"iteration":571,"passed_time":4.994684055,"remaining_time":0.7596809664},
{"learn":[0.2168269994],"iteration":572,"passed_time":5.003543461,"remaining_time":0.7509681285},
{"learn":[0.2166525291],"iteration":573,"passed_time":5.012025164,"remaining_time":0.7421988483},
{"learn":[0.2165148221],"iteration":574,"passed_time":5.021519246,"remaining_time":0.7335784637},
{"learn":[0.2163829529],"iteration":575,"passed_time":5.029955128,"remaining_time":0.7248025619},
{"learn":[0.2163253186],"iteration":576,"passed_time":5.039662074,"remaining_time":0.716208475},
{"learn":[0.216242111],"iteration":577,"passed_time":5.050253569,"remaining_time":0.7077344967},
{"learn":[0.2161512894],"iteration":578,"passed_time":5.060730747,"remaining_time":0.6992374089},
{"learn":[0.2160580919],"iteration":579,"passed_time":5.07081654,"remaining_time":0.6906801838},
{"learn":[0.2159579401],"iteration":580,"passed_time":5.079638241,"remaining_time":0.681947991},
{"learn":[0.2158774039],"iteration":581,"passed_time":5.088337953,"remaining_time":0.6731993512},
{"learn":[0.2157855589],"iteration":582,"passed_time":5.097334569,"remaining_time":0.6644895836},
{"learn":[0.2156572621],"iteration":583,"passed_time":5.105882116,"remaining_time":0.6557211621},
{"learn":[0.2154584039],"iteration":584,"passed_time":5.11394924,"remaining_time":0.6468927244},
{"learn":[0.2153898862],"iteration":585,"passed_time":5.122596069,"remaining_time":0.6381391007},
{"learn":[0.2152600347],"iteration":586,"passed_time":5.131581072,"remaining_time":0.6294273206},
{"learn":[0.2151230221],"iteration":587,"passed_time":5.139521612,"remaining_time":0.6205884939},
{"learn":[0.215031412],"iteration":588,"passed_time":5.150142662,"remaining_time":0.6120712841},
{"learn":[0.2148873695],"iteration":589,"passed_time":5.157727884,"remaining_time":0.6031919051},
{"learn":[0.2146922078],"iteration":590,"passed_time":5.166650852,"remaining_time":0.5944708256},
{"learn":[0.2145835404],"iteration":591,"passed_time":5.174824776,"remaining_time":0.5856642905},
{"learn":[0.2145297401],"iteration":592,"passed_time":5.182641765,"remaining_time":0.5768201627},
{"learn":[0.2144149485],"iteration":593,"passed_time":5.190080936,"remaining_time":0.5679381495},
{"learn":[0.2142546267],"iteration":594,"passed_time":5.19758398,"remaining_time":0.5590678567},
{"learn":[0.2141222305],"iteration":595,"passed_time":5.206010992,"remaining_time":0.5502998196},
{"learn":[0.2140012647],"iteration":596,"passed_time":5.213030152,"remaining_time":0.541386716},
{"learn":[0.2138416952],"iteration":597,"passed_time":5.220538309,"remaining_time":0.5325298275},
{"learn":[0.2137583558],"iteration":598,"passed_time":5.228107586,"remaining_time":0.5236835645},
{"learn":[0.2136261374],"iteration":599,"passed_time":5.236054373,"remaining_time":0.51487868},
{"learn":[0.213508267],"iteration":600,"passed_time":5.244366921,"remaining_time":0.5061119491},
{"learn":[0.2134377401],"iteration":601,"passed_time":5.253216598,"remaining_time":0.4973975849},
{"learn":[0.2133033672],"iteration":602,"passed_time":5.262163466,"remaining_time":0.4886917979},
{"learn":[0.2132083239],"iteration":603,"passed_time":5.270642611,"remaining_time":0.4799426219},
{"learn":[0.2131065799],"iteration":604,"passed_time":5.278645548,"remaining_time":0.471151834},
{"learn":[0.2129445844],"iteration":605,"passed_time":5.285786315,"remaining_time":0.462288242},
{"learn":[0.2128017902],"iteration":606,"passed_time":5.29384307,"remaining_time":0.4535087967},
{"learn":[0.2126910878],"iteration":607,"passed_time":5.301869694,"remaining_time":0.4447292013},
{"learn":[0.2126114202],"iteration":608,"passed_time":5.310460953,"remaining_time":0.4359984362},
{"learn":[0.2125209624],"iteration":609,"passed_time":5.317927711,"remaining_time":0.4271777997},
{"learn":[0.2124508945],"iteration":610,"passed_time":5.325985603,"remaining_time":0.4184080343},
{"learn":[0.2121843291],"iteration":611,"passed_time":5.333444864,"remaining_time":0.4095946219},
{"learn":[0.2120335731],"iteration":612,"passed_time":5.341876262,"remaining_time":0.4008585776},
{"learn":[0.2119050176],"iteration":613,"passed_time":5.349735275,"remaining_time":0.3920815755},
{"learn":[0.2118392057],"iteration":614,"passed_time":5.358029551,"remaining_time":0.3833386996},
{"learn":[0.2117348872],"iteration":615,"passed_time":5.367409104,"remaining_time":0.3746730381},
{"learn":[0.2115755448],"iteration":616,"passed_time":5.376049722,"remaining_time":0.3659547623},
{"learn":[0.2114377853],"iteration":617,"passed_time":5.384829684,"remaining_time":0.3572459823},
{"learn":[0.2113289904],"iteration":618,"passed_time":5.39215497,"remaining_time":0.3484429706},
{"learn":[0.2112387963],"iteration":619,"passed_time":5.400305598,"remaining_time":0.3396966425},
{"learn":[0.2111094912],"iteration":620,"passed_time":5.408087068,"remaining_time":0.3309296434},
{"learn":[0.2110027924],"iteration":621,"passed_time":5.416581967,"remaining_time":0.322208252},
{"learn":[0.210874977],"iteration":622,"passed_time":5.425582955,"remaining_time":0.3135168321},
{"learn":[0.2107771462],"iteration":623,"passed_time":5.433593168,"remaining_time":0.3047688475},
{"learn":[0.2106210592],"iteration":624,"passed_time":5.441140282,"remaining_time":0.2959980313},
{"learn":[0.2105058178],"iteration":625,"passed_time":5.449548239,"remaining_time":0.2872765046},
{"learn":[0.2104382491],"iteration":626,"passed_time":5.457652781,"remaining_time":0.2785404928},
{"learn":[0.2103202221],"iteration":627,"passed_time":5.465434116,"remaining_time":0.2697905376},
{"learn":[0.2102618346],"iteration":628,"passed_time":5.47281565,"remaining_time":0.2610245938},
{"learn":[0.2101201299],"iteration":629,"passed_time":5.481607707,"remaining_time":0.2523279738},
{"learn":[0.2099899528],"iteration":630,"passed_time":5.4890941,"remaining_time":0.2435731138},
{"learn":[0.2098784394],"iteration":631,"passed_time":5.496928181,"remaining_time":0.2348371216},
{"learn":[0.2098112436],"iteration":632,"passed_time":5.505025537,"remaining_time":0.226114793},
{"learn":[0.2096893492],"iteration":633,"passed_time":5.515208212,"remaining_time":0.2174766645},
{"learn":[0.2095919042],"iteration":634,"passed_time":5.524345196,"remaining_time":0.2087941492},
{"learn":[0.2095204371],"iteration":635,"passed_time":5.532441493,"remaining_time":0.2000725697},
{"learn":[0.2093976415],"iteration":636,"passed_time":5.541872982,"remaining_time":0.1913990669},
{"learn":[0.2092996102],"iteration":637,"passed_time":5.549516017,"remaining_time":0.1826643203},
{"learn":[0.2092253148],"iteration":638,"passed_time":5.558071787,"remaining_time":0.1739615583},
{"learn":[0.2091262224],"iteration":639,"passed_time":5.566386474,"remaining_time":0.1652520984},
{"learn":[0.2090499939],"iteration":640,"passed_time":5.573697917,"remaining_time":0.1565156981},
{"learn":[0.2089292655],"iteration":641,"passed_time":5.580821364,"remaining_time":0.1477787588},
{"learn":[0.208836005],"iteration":642,"passed_time":5.587945376,"remaining_time":0.1390468523},
{"learn":[0.2087357254],"iteration":643,"passed_time":5.595604544,"remaining_time":0.130332404},
{"learn":[0.2086374886],"iteration":644,"passed_time":5.604423472,"remaining_time":0.121646401},
{"learn":[0.2085405637],"iteration":645,"passed_time":5.612025598,"remaining_time":0.1129354997},
{"learn":[0.2084512747],"iteration":646,"passed_time":5.619973525,"remaining_time":0.1042344394},
{"learn":[0.2082923835],"iteration":647,"passed_time":5.628056712,"remaining_time":0.09553799974},
{"learn":[0.2081567265],"iteration":648,"passed_time":5.636180868,"remaining_time":0.08684408116},
{"learn":[0.2080087963],"iteration":649,"passed_time":5.644688289,"remaining_time":0.07815722246},
{"learn":[0.2079204583],"iteration":650,"passed_time":5.653088088,"remaining_time":0.06946959248},
{"learn":[0.2077742352],"iteration":651,"passed_time":5.661586577,"remaining_time":0.06078390497},
{"learn":[0.2076365854],"iteration":652,"passed_time":5.669284221,"remaining_time":0.05209143235},
{"learn":[0.2075266113],"iteration":653,"passed_time":5.677653904,"remaining_time":0.04340713994},
{"learn":[0.2074374929],"iteration":654,"passed_time":5.685038297,"remaining_time":0.03471779113},
{"learn":[0.2073097777],"iteration":655,"passed_time":5.693359597,"remaining_time":0.02603670548},
{"learn":[0.2072393281],"iteration":656,"passed_time":5.701307032,"remaining_time":0.01735557696},
{"learn":[0.2071021146],"iteration":657,"passed_time":5.709546357,"remaining_time":0.008677122123},
{"learn":[0.2068962277],"iteration":658,"passed_time":5.717404287,"remaining_time":0}
]}